İngilizce,Türkçe,Okunuş,Seviye,Kategori
accept,kabul etmek,ık-SEPT,A2,Fiiller — temel
achieve,"başarmak, elde etmek",ı-ÇİİV,B1,Fiiller — temel
add,eklemek,ed,A2,Fiiller — temel
admit,"itiraf etmek, kabul etmek",ıd-MİT,B1,Fiiller — temel
advise,tavsiye etmek,ıd-VAYZ,B1,Fiiller — temel
afford,parası yetmek,ı-FORD,B1,Fiiller — temel
agree,"katılmak, anlaşmak",ıg-Rİİ,A2,Fiiller — temel
allow,izin vermek,ı-LAU,A2,Fiiller — temel
announce,duyurmak,ı-NAUNS,B1,Fiiller — temel
apologize,özür dilemek,ı-PO-lı-cayz,A2,Fiiller — temel
appear,"görünmek, ortaya çıkmak",ı-PİİR,B1,Fiiller — temel
apply,"başvurmak, uygulamak",ıp-LAY,B1,Fiiller — temel
argue,tartışmak,AR-gyu,B1,Fiiller — temel
arrange,"ayarlamak, düzenlemek",ı-REYNC,B1,Fiiller — temel
arrive,varmak,ı-RAYV,A2,Fiiller — temel
attend,katılmak (etkinliğe),ı-TEND,B1,Fiiller — temel
avoid,kaçınmak,ı-VOYD,B1,Fiiller — temel
become,"olmak, haline gelmek",bi-KAM,A2,Fiiller — temel
believe,inanmak,bi-LİİV,A2,Fiiller — temel
belong,ait olmak,bi-LONG,B1,Fiiller — temel
borrow,ödünç almak,BO-rou,A2,Fiiller — temel
break,"kırmak, bozmak",breyk,A2,Fiiller — temel
bring,getirmek,bring,A2,Fiiller — temel
build,"inşa etmek, kurmak",bild,A2,Fiiller — temel
buy,satın almak,bay,A2,Fiiller — temel
cancel,iptal etmek,KEN-sıl,A2,Fiiller — temel
carry,taşımak,KE-ri,A2,Fiiller — temel
catch,yakalamak,keç,A2,Fiiller — temel
change,değiştirmek,çeync,A2,Fiiller — temel
check,kontrol etmek,çek,A2,Fiiller — temel
choose,seçmek,çuuz,A2,Fiiller — temel
clean,temizlemek,kliin,A2,Fiiller — temel
climb,tırmanmak,klaym,A2,Fiiller — temel
close,kapatmak,klouz,A2,Fiiller — temel
collect,toplamak,kı-LEKT,B1,Fiiller — temel
compare,karşılaştırmak,kım-PEER,B1,Fiiller — temel
complain,şikâyet etmek,kım-PLEYN,B1,Fiiller — temel
complete,tamamlamak,kım-PLİİT,B1,Fiiller — temel
connect,bağlamak,kı-NEKT,A2,Fiiller — temel
consider,göz önünde bulundurmak,kın-Sİ-dır,B1,Fiiller — temel
contain,içermek,kın-TEYN,B1,Fiiller — temel
continue,devam etmek,kın-Tİ-nyu,A2,Fiiller — temel
control,kontrol etmek,kın-TROUL,B1,Fiiller — temel
cook,yemek pişirmek,kuk,A2,Fiiller — temel
copy,kopyalamak,KO-pi,A2,Fiiller — temel
cost,"mal olmak, tutmak",kost,A2,Fiiller — temel
count,saymak,kaunt,A2,Fiiller — temel
cover,"kapatmak, kapsamak",KA-vır,B1,Fiiller — temel
create,"yaratmak, oluşturmak",kri-EYT,B1,Fiiller — temel
cross,karşıya geçmek,kros,A2,Fiiller — temel
cut,kesmek,kat,A2,Fiiller — temel
decide,karar vermek,di-SAYD,A2,Fiiller — temel
deliver,teslim etmek,di-Lİ-vır,B1,Fiiller — temel
depend,bağlı olmak,di-PEND,B1,Fiiller — temel
describe,"tarif etmek, anlatmak",dis-KRAYB,A2,Fiiller — temel
design,tasarlamak,di-ZAYN,B1,Fiiller — temel
destroy,yok etmek,dis-TROY,B1,Fiiller — temel
develop,geliştirmek,di-VE-lıp,B1,Fiiller — temel
die,ölmek,day,A2,Fiiller — temel
discover,keşfetmek,dis-KA-vır,B1,Fiiller — temel
discuss,"görüşmek, tartışmak",dis-KAS,B1,Fiiller — temel
divide,bölmek,di-VAYD,B1,Fiiller — temel
draw,çizmek,dro,A2,Fiiller — temel
drive,araba sürmek,drayv,A2,Fiiller — temel
drop,"düşürmek, bırakmak",drop,A2,Fiiller — temel
earn,kazanmak (para),örn,B1,Fiiller — temel
enjoy,keyif almak,in-COY,A2,Fiiller — temel
enter,girmek,EN-tır,A2,Fiiller — temel
examine,incelemek,ig-ZE-min,B2,Fiiller — temel
exist,var olmak,ig-ZİST,B1,Fiiller — temel
expect,beklemek (ummak),iks-PEKT,B1,Fiiller — temel
explain,açıklamak,iks-PLEYN,A2,Fiiller — temel
explore,"keşfetmek, araştırmak",iks-PLOR,B1,Fiiller — temel
fail,başarısız olmak,feyl,B1,Fiiller — temel
fall,düşmek,fol,A2,Fiiller — temel
feed,beslemek,fiid,A2,Fiiller — temel
feel,hissetmek,fiil,A2,Fiiller — temel
fight,kavga etmek,fayt,A2,Fiiller — temel
fill,doldurmak,fil,A2,Fiiller — temel
find,bulmak,faynd,A2,Fiiller — temel
finish,bitirmek,Fİ-niş,A2,Fiiller — temel
fit,uymak (beden),fit,A2,Fiiller — temel
fix,"tamir etmek, düzeltmek",fiks,A2,Fiiller — temel
fly,uçmak,flay,A2,Fiiller — temel
follow,takip etmek,FO-lou,A2,Fiiller — temel
forget,unutmak,fır-GET,A2,Fiiller — temel
forgive,affetmek,fır-GİV,B1,Fiiller — temel
gain,"kazanmak, elde etmek",geyn,B2,Fiiller — temel
gather,"toplamak, bir araya gelmek",GE-dır,B2,Fiiller — temel
grow,"büyümek, yetiştirmek",grou,A2,Fiiller — temel
guess,tahmin etmek,ges,A2,Fiiller — temel
handle,üstesinden gelmek,HEN-dıl,B2,Fiiller — temel
happen,"olmak, gerçekleşmek",HE-pın,A2,Fiiller — temel
hate,nefret etmek,heyt,A2,Fiiller — temel
hide,"saklamak, saklanmak",hayd,A2,Fiiller — temel
hold,tutmak,hould,A2,Fiiller — temel
hope,ummak,houp,A2,Fiiller — temel
hurry,acele etmek,HA-ri,A2,Fiiller — temel
hurt,"incitmek, canı yanmak",hört,A2,Fiiller — temel
imagine,hayal etmek,i-ME-cin,B1,Fiiller — temel
improve,"geliştirmek, iyileşmek",im-PRUUV,B1,Fiiller — temel
include,dahil etmek,in-KLUUD,B1,Fiiller — temel
increase,"artmak, artırmak",in-KRİİS,B1,Fiiller — temel
invite,davet etmek,in-VAYT,A2,Fiiller — temel
join,katılmak,coyn,A2,Fiiller — temel
jump,atlamak,camp,A2,Fiiller — temel
keep,"tutmak, saklamak",kiip,A2,Fiiller — temel
kill,öldürmek,kil,A2,Fiiller — temel
knock,kapıyı çalmak,nok,A2,Fiiller — temel
laugh,gülmek,laf,A2,Fiiller — temel
lead,"önderlik etmek, yol açmak",liid,B1,Fiiller — temel
learn,öğrenmek,lörn,A2,Fiiller — temel
leave,"ayrılmak, bırakmak",liiv,A2,Fiiller — temel
lend,ödünç vermek,lend,B1,Fiiller — temel
lie,yalan söylemek; uzanmak,lay,A2,Fiiller — temel
lift,kaldırmak,lift,A2,Fiiller — temel
listen,dinlemek,Lİ-sın,A2,Fiiller — temel
lose,kaybetmek,luuz,A2,Fiiller — temel
maintain,"sürdürmek, bakımını yapmak",meyn-TEYN,B2,Fiiller — temel
manage,"yönetmek, üstesinden gelmek",ME-nic,B1,Fiiller — temel
mean,anlamına gelmek,miin,A2,Fiiller — temel
measure,ölçmek,ME-jır,B1,Fiiller — temel
meet,"buluşmak, tanışmak",miit,A2,Fiiller — temel
mention,bahsetmek,MEN-şın,B1,Fiiller — temel
miss,"kaçırmak, özlemek",mis,A2,Fiiller — temel
mix,karıştırmak,miks,A2,Fiiller — temel
move,"hareket etmek, taşınmak",muuv,A2,Fiiller — temel
notice,fark etmek,NOU-tis,B1,Fiiller — temel
offer,teklif etmek,O-fır,B1,Fiiller — temel
order,sipariş vermek,OR-dır,A2,Fiiller — temel
organize,düzenlemek,OR-gı-nayz,B1,Fiiller — temel
own,sahip olmak,oun,B1,Fiiller — temel
pay,ödemek,pey,A2,Fiiller — iş & iletişim
perform,"gerçekleştirmek, sahne almak",pır-FORM,B2,Fiiller — iş & iletişim
pick,"seçmek, almak",pik,A2,Fiiller — iş & iletişim
plan,planlamak,plen,A2,Fiiller — iş & iletişim
point,işaret etmek,poynt,A2,Fiiller — iş & iletişim
practice,pratik yapmak,PREK-tis,A2,Fiiller — iş & iletişim
prefer,tercih etmek,pri-FÖR,A2,Fiiller — iş & iletişim
prepare,hazırlamak,pri-PEER,A2,Fiiller — iş & iletişim
present,sunmak,pri-ZENT,B1,Fiiller — iş & iletişim
prevent,engellemek,pri-VENT,B1,Fiiller — iş & iletişim
produce,üretmek,prı-DYUS,B1,Fiiller — iş & iletişim
promise,söz vermek,PRO-mis,A2,Fiiller — iş & iletişim
protect,korumak,prı-TEKT,B1,Fiiller — iş & iletişim
prove,kanıtlamak,pruuv,B1,Fiiller — iş & iletişim
provide,sağlamak,prı-VAYD,B1,Fiiller — iş & iletişim
publish,yayımlamak,PAB-liş,B1,Fiiller — iş & iletişim
pull,çekmek,pul,A2,Fiiller — iş & iletişim
push,itmek,puş,A2,Fiiller — iş & iletişim
raise,"yükseltmek, yetiştirmek",reyz,B1,Fiiller — iş & iletişim
reach,ulaşmak,riiç,B1,Fiiller — iş & iletişim
realize,fark etmek,Rİ-ı-layz,B1,Fiiller — iş & iletişim
receive,almak (teslim),ri-SİİV,B1,Fiiller — iş & iletişim
recognize,tanımak,RE-kıg-nayz,B1,Fiiller — iş & iletişim
recommend,tavsiye etmek,re-kı-MEND,B1,Fiiller — iş & iletişim
reduce,azaltmak,ri-DYUS,B1,Fiiller — iş & iletişim
refuse,reddetmek,ri-FYUZ,B1,Fiiller — iş & iletişim
remain,kalmak (öyle kalmak),ri-MEYN,B2,Fiiller — iş & iletişim
remember,hatırlamak,ri-MEM-bır,A2,Fiiller — iş & iletişim
remind,hatırlatmak,ri-MAYND,B1,Fiiller — iş & iletişim
remove,"kaldırmak, çıkarmak",ri-MUUV,B1,Fiiller — iş & iletişim
repair,tamir etmek,ri-PEER,B1,Fiiller — iş & iletişim
repeat,tekrar etmek,ri-PİİT,A2,Fiiller — iş & iletişim
replace,"değiştirmek, yerine koymak",rip-LEYS,B1,Fiiller — iş & iletişim
reply,cevap vermek,rip-LAY,A2,Fiiller — iş & iletişim
report,"rapor etmek, bildirmek",ri-PORT,B1,Fiiller — iş & iletişim
request,talep etmek,ri-KWEST,B1,Fiiller — iş & iletişim
require,gerektirmek,ri-KWA-yır,B2,Fiiller — iş & iletişim
respond,yanıt vermek,ris-POND,B1,Fiiller — iş & iletişim
rest,dinlenmek,rest,A2,Fiiller — iş & iletişim
return,"dönmek, iade etmek",ri-TÖRN,A2,Fiiller — iş & iletişim
review,gözden geçirmek,ri-VYUU,B1,Fiiller — iş & iletişim
rise,yükselmek,rayz,B1,Fiiller — iş & iletişim
run,koşmak; işletmek,ran,A2,Fiiller — iş & iletişim
save,kurtarmak; biriktirmek,seyv,A2,Fiiller — iş & iletişim
search,aramak,sörç,A2,Fiiller — iş & iletişim
seem,görünmek (gibi gelmek),siim,B1,Fiiller — iş & iletişim
sell,satmak,sel,A2,Fiiller — iş & iletişim
send,göndermek,send,A2,Fiiller — iş & iletişim
separate,ayırmak,SE-pı-reyt,B1,Fiiller — iş & iletişim
serve,"hizmet etmek, servis yapmak",sörv,B1,Fiiller — iş & iletişim
set,"ayarlamak, kurmak",set,A2,Fiiller — iş & iletişim
settle,"yerleşmek, halletmek",SE-tıl,B2,Fiiller — iş & iletişim
share,paylaşmak,şeer,A2,Fiiller — iş & iletişim
shout,bağırmak,şaut,A2,Fiiller — iş & iletişim
show,göstermek,şou,A2,Fiiller — iş & iletişim
sign,imzalamak,sayn,A2,Fiiller — iş & iletişim
solve,çözmek,solv,B1,Fiiller — iş & iletişim
sound,kulağa … gelmek,saund,A2,Fiiller — iş & iletişim
speak,konuşmak,spiik,A2,Fiiller — iş & iletişim
spend,"harcamak, geçirmek",spend,A2,Fiiller — iş & iletişim
spread,"yaymak, yayılmak",spred,B2,Fiiller — iş & iletişim
stand,ayakta durmak,stend,A2,Fiiller — iş & iletişim
start,başlamak,start,A2,Fiiller — iş & iletişim
stay,kalmak,stey,A2,Fiiller — iş & iletişim
steal,çalmak,stiil,B1,Fiiller — iş & iletişim
stop,"durmak, durdurmak",stop,A2,Fiiller — iş & iletişim
store,depolamak,stor,B1,Fiiller — iş & iletişim
study,ders çalışmak,STA-di,A2,Fiiller — iş & iletişim
succeed,başarmak,sık-SİİD,B1,Fiiller — iş & iletişim
suffer,acı çekmek,SA-fır,B2,Fiiller — iş & iletişim
suggest,önermek,sıc-CEST,B1,Fiiller — iş & iletişim
supply,tedarik etmek,sıp-LAY,B2,Fiiller — iş & iletişim
support,desteklemek,sı-PORT,B1,Fiiller — iş & iletişim
suppose,"varsaymak, sanmak",sı-POUZ,B1,Fiiller — iş & iletişim
surprise,şaşırtmak,sır-PRAYZ,A2,Fiiller — iş & iletişim
survive,hayatta kalmak,sır-VAYV,B1,Fiiller — iş & iletişim
take,almak,teyk,A2,Fiiller — iş & iletişim
talk,konuşmak,tok,A2,Fiiller — iş & iletişim
teach,öğretmek,tiiç,A2,Fiiller — iş & iletişim
tell,"söylemek, anlatmak",tel,A2,Fiiller — iş & iletişim
think,düşünmek,think,A2,Fiiller — iş & iletişim
throw,"atmak, fırlatmak",throu,A2,Fiiller — iş & iletişim
touch,dokunmak,taç,A2,Fiiller — iş & iletişim
train,"eğitmek, antrenman yapmak",treyn,B1,Fiiller — iş & iletişim
travel,seyahat etmek,TRE-vıl,A2,Fiiller — iş & iletişim
treat,davranmak; tedavi etmek,triit,B1,Fiiller — iş & iletişim
try,denemek,tray,A2,Fiiller — iş & iletişim
turn,"dönmek, çevirmek",törn,A2,Fiiller — iş & iletişim
understand,anlamak,an-dırs-TEND,A2,Fiiller — iş & iletişim
use,kullanmak,yuuz,A2,Fiiller — iş & iletişim
visit,ziyaret etmek,Vİ-zit,A2,Fiiller — iş & iletişim
wait,beklemek,weyt,A2,Fiiller — iş & iletişim
wake,uyanmak,weyk,A2,Fiiller — iş & iletişim
warn,uyarmak,worn,B1,Fiiller — iş & iletişim
waste,israf etmek,weyst,B1,Fiiller — iş & iletişim
wear,giymek,weer,A2,Fiiller — iş & iletişim
win,kazanmak (yarış),win,A2,Fiiller — iş & iletişim
wish,dilemek,wiş,A2,Fiiller — iş & iletişim
wonder,merak etmek,WAN-dır,B1,Fiiller — iş & iletişim
worry,endişelenmek,WA-ri,A2,Fiiller — iş & iletişim
able,"yapabilen, muktedir",EY-bıl,A2,Sıfatlar
accurate,"doğru, isabetli",E-kyu-rıt,B2,Sıfatlar
active,"aktif, faal",EK-tiv,A2,Sıfatlar
actual,"gerçek, asıl",EK-çu-ıl,B1,Sıfatlar
afraid,korkmuş,ıf-REYD,A2,Sıfatlar
alive,"hayatta, canlı",ı-LAYV,B1,Sıfatlar
ancient,"antik, çok eski",EYN-şınt,B1,Sıfatlar
angry,kızgın,ENG-ri,A2,Sıfatlar
annoying,sinir bozucu,ı-NOY-ing,B1,Sıfatlar
anxious,endişeli,ENK-şıs,B2,Sıfatlar
available,"mevcut, müsait",ı-VEY-lı-bıl,B1,Sıfatlar
awful,berbat,O-fıl,B1,Sıfatlar
basic,temel,BEY-sik,A2,Sıfatlar
boring,sıkıcı,BO-ring,A2,Sıfatlar
brave,cesur,breyv,B1,Sıfatlar
bright,parlak; zeki,brayt,B1,Sıfatlar
busy,meşgul,Bİ-zi,A2,Sıfatlar
calm,sakin,kaam,B1,Sıfatlar
careful,dikkatli,KEER-fıl,A2,Sıfatlar
cheap,ucuz,çiip,A2,Sıfatlar
clear,"net, açık",kliir,A2,Sıfatlar
clever,"zeki, akıllı",KLE-vır,A2,Sıfatlar
comfortable,rahat,KAM-fır-tı-bıl,A2,Sıfatlar
common,"yaygın, ortak",KO-mın,B1,Sıfatlar
complex,karmaşık,KOM-pleks,B2,Sıfatlar
confident,kendine güvenen,KON-fi-dınt,B1,Sıfatlar
confused,kafası karışmış,kın-FYUZD,B1,Sıfatlar
convenient,"elverişli, uygun",kın-Vİİ-ni-ınt,B2,Sıfatlar
correct,doğru,kı-REKT,A2,Sıfatlar
crazy,"deli, çılgın",KREY-zi,A2,Sıfatlar
crowded,kalabalık,KRAU-did,A2,Sıfatlar
curious,meraklı,KYU-ri-ıs,B1,Sıfatlar
current,"güncel, şu anki",KA-rınt,B1,Sıfatlar
dangerous,tehlikeli,DEYN-cı-rıs,A2,Sıfatlar
dark,karanlık,dark,A2,Sıfatlar
dead,ölü,ded,A2,Sıfatlar
deep,derin,diip,A2,Sıfatlar
delicious,lezzetli,di-Lİ-şıs,A2,Sıfatlar
different,farklı,Dİ-fı-rınt,A2,Sıfatlar
difficult,zor,Dİ-fi-kılt,A2,Sıfatlar
dirty,kirli,DÖR-ti,A2,Sıfatlar
disappointed,hayal kırıklığına uğramış,di-sı-POYN-tid,B1,Sıfatlar
easy,kolay,İİ-zi,A2,Sıfatlar
efficient,verimli,i-Fİ-şınt,B2,Sıfatlar
empty,boş,EMP-ti,A2,Sıfatlar
enough,yeterli,i-NAF,A2,Sıfatlar
excellent,mükemmel,EK-sı-lınt,A2,Sıfatlar
excited,heyecanlı,ik-SAY-tid,A2,Sıfatlar
expensive,pahalı,iks-PEN-siv,A2,Sıfatlar
fair,adil,feer,B1,Sıfatlar
familiar,tanıdık,fı-Mİ-li-ır,B1,Sıfatlar
famous,ünlü,FEY-mıs,A2,Sıfatlar
fast,hızlı,fast,A2,Sıfatlar
final,"son, nihai",FAY-nıl,B1,Sıfatlar
flexible,esnek,FLEK-sı-bıl,B2,Sıfatlar
foreign,yabancı,FO-rin,B1,Sıfatlar
free,özgür; bedava,frii,A2,Sıfatlar
fresh,taze,freş,A2,Sıfatlar
friendly,arkadaş canlısı,FREND-li,A2,Sıfatlar
full,dolu,ful,A2,Sıfatlar
funny,komik,FA-ni,A2,Sıfatlar
general,genel,CE-nı-rıl,B1,Sıfatlar
gentle,"nazik, yumuşak",CEN-tıl,B1,Sıfatlar
guilty,suçlu,GİL-ti,B2,Sıfatlar
healthy,sağlıklı,HEL-thi,A2,Sıfatlar
heavy,ağır,HE-vi,A2,Sıfatlar
honest,dürüst,O-nist,B1,Sıfatlar
huge,kocaman,hyuuc,B1,Sıfatlar
hungry,aç,HANG-ri,A2,Sıfatlar
important,önemli,im-POR-tınt,A2,Sıfatlar
impossible,imkânsız,im-PO-sı-bıl,A2,Sıfatlar
independent,bağımsız,in-di-PEN-dınt,B1,Sıfatlar
interesting,ilginç,İNT-rıs-ting,A2,Sıfatlar
international,uluslararası,in-tır-NE-şı-nıl,B1,Sıfatlar
keen,"istekli, hevesli",kiin,B2,Sıfatlar
kind,"nazik, iyi kalpli",kaynd,A2,Sıfatlar
lazy,tembel,LEY-zi,A2,Sıfatlar
light,hafif; aydınlık,layt,A2,Sıfatlar
likely,muhtemel,LAYK-li,B1,Sıfatlar
lonely,yalnız,LOUN-li,B1,Sıfatlar
loud,gürültülü,laud,A2,Sıfatlar
lucky,şanslı,LA-ki,A2,Sıfatlar
main,"ana, başlıca",meyn,A2,Sıfatlar
mental,zihinsel,MEN-tıl,B2,Sıfatlar
modern,modern,MO-dırn,A2,Sıfatlar
narrow,dar,NE-rou,B1,Sıfatlar
natural,doğal,NE-çı-rıl,B1,Sıfatlar
nervous,gergin,NÖR-vıs,B1,Sıfatlar
obvious,"apaçık, bariz",OB-vi-ıs,B2,Sıfatlar
official,resmî,ı-Fİ-şıl,B1,Sıfatlar
ordinary,sıradan,OR-dı-ne-ri,B2,Sıfatlar
patient,sabırlı,PEY-şınt,B1,Sıfatlar
perfect,mükemmel,PÖR-fikt,A2,Sıfatlar
polite,kibar,pı-LAYT,B1,Sıfatlar
poor,fakir; zayıf (kalite),puur,A2,Sıfatlar
popular,popüler,PO-pyu-lır,A2,Sıfatlar
powerful,güçlü,PAU-ır-fıl,B1,Sıfatlar
practical,"pratik, uygulanabilir",PREK-ti-kıl,B2,Sıfatlar
proud,gururlu,praud,B1,Sıfatlar
quiet,sessiz,KWA-yıt,A2,Sıfatlar
rare,nadir,reer,B1,Sıfatlar
real,gerçek,ri-ıl,A2,Sıfatlar
reasonable,makul,Rİİ-zı-nı-bıl,B2,Sıfatlar
recent,yakın zamandaki,Rİİ-sınt,B1,Sıfatlar
relevant,konuyla ilgili,RE-lı-vınt,B2,Sıfatlar
reliable,güvenilir,ri-LA-yı-bıl,B2,Sıfatlar
rich,zengin,riç,A2,Sıfatlar
safe,güvenli,seyf,A2,Sıfatlar
serious,ciddi,Sİ-ri-ıs,A2,Sıfatlar
sharp,keskin,şarp,B1,Sıfatlar
similar,benzer,Sİ-mı-lır,A2,Sıfatlar
simple,basit,SİM-pıl,A2,Sıfatlar
strange,tuhaf,streync,A2,Sıfatlar
strict,"katı, sıkı",strikt,B1,Sıfatlar
strong,güçlü,strong,A2,Sıfatlar
successful,başarılı,sık-SES-fıl,A2,Sıfatlar
sudden,ani,SA-dın,B1,Sıfatlar
suitable,uygun,SUU-tı-bıl,B2,Sıfatlar
terrible,korkunç,TE-rı-bıl,A2,Sıfatlar
tiny,minicik,TAY-ni,B1,Sıfatlar
tired,yorgun,TA-yırd,A2,Sıfatlar
typical,tipik,Tİ-pi-kıl,B1,Sıfatlar
useful,faydalı,YUS-fıl,A2,Sıfatlar
usual,her zamanki,YU-ju-ıl,A2,Sıfatlar
valuable,değerli,VEL-yu-bıl,B2,Sıfatlar
weak,zayıf,wiik,A2,Sıfatlar
wide,geniş,wayd,A2,Sıfatlar
worth,"değer, değerinde",wörth,B1,Sıfatlar
wrong,yanlış,rong,A2,Sıfatlar
about,hakkında; yaklaşık,ı-BAUT,A2,"Zarflar, bağlaçlar & zaman"
above,"yukarıda, üstünde",ı-BAV,A2,"Zarflar, bağlaçlar & zaman"
abroad,yurt dışında,ıb-ROD,B1,"Zarflar, bağlaçlar & zaman"
absolutely,kesinlikle,EB-sı-lut-li,B1,"Zarflar, bağlaçlar & zaman"
actually,aslında,EK-çu-ı-li,A2,"Zarflar, bağlaçlar & zaman"
after,sonra,AF-tır,A2,"Zarflar, bağlaçlar & zaman"
afterwards,"sonradan, daha sonra",AF-tır-wırdz,B1,"Zarflar, bağlaçlar & zaman"
again,tekrar,ı-GEN,A2,"Zarflar, bağlaçlar & zaman"
against,karşı,ı-GENST,A2,"Zarflar, bağlaçlar & zaman"
ago,önce,ı-GOU,A2,"Zarflar, bağlaçlar & zaman"
almost,neredeyse,OL-moust,A2,"Zarflar, bağlaçlar & zaman"
alone,"yalnız, tek başına",ı-LOUN,A2,"Zarflar, bağlaçlar & zaman"
along,boyunca,ı-LONG,B1,"Zarflar, bağlaçlar & zaman"
already,zaten,ol-RE-di,A2,"Zarflar, bağlaçlar & zaman"
also,ayrıca,OL-sou,A2,"Zarflar, bağlaçlar & zaman"
although,-e rağmen,ol-DOU,B1,"Zarflar, bağlaçlar & zaman"
always,her zaman,OL-weyz,A2,"Zarflar, bağlaçlar & zaman"
anyway,her neyse,E-ni-wey,B1,"Zarflar, bağlaçlar & zaman"
apart,ayrı,ı-PART,B2,"Zarflar, bağlaçlar & zaman"
around,etrafında; civarında,ı-RAUND,A2,"Zarflar, bağlaçlar & zaman"
as soon as,-er ermez,ez SUUN ez,B1,"Zarflar, bağlaçlar & zaman"
at least,en azından,ıt LİİST,B1,"Zarflar, bağlaçlar & zaman"
barely,"ancak, neredeyse hiç",BEER-li,B2,"Zarflar, bağlaçlar & zaman"
because,çünkü,bi-KOZ,A2,"Zarflar, bağlaçlar & zaman"
before,önce,bi-FOR,A2,"Zarflar, bağlaçlar & zaman"
behind,arkasında,bi-HAYND,A2,"Zarflar, bağlaçlar & zaman"
below,aşağıda,bi-LOU,A2,"Zarflar, bağlaçlar & zaman"
besides,"ayrıca, bunun yanında",bi-SAYDZ,B2,"Zarflar, bağlaçlar & zaman"
between,arasında,bi-TWİİN,A2,"Zarflar, bağlaçlar & zaman"
both,her ikisi,bouth,A2,"Zarflar, bağlaçlar & zaman"
briefly,kısaca,BRİİF-li,B2,"Zarflar, bağlaçlar & zaman"
carefully,dikkatlice,KEER-fı-li,A2,"Zarflar, bağlaçlar & zaman"
certainly,kesinlikle,SÖR-tın-li,B1,"Zarflar, bağlaçlar & zaman"
clearly,açıkça,KLİİR-li,B1,"Zarflar, bağlaçlar & zaman"
completely,tamamen,kım-PLİİT-li,B1,"Zarflar, bağlaçlar & zaman"
constantly,sürekli,KONS-tınt-li,B2,"Zarflar, bağlaçlar & zaman"
currently,şu anda,KA-rınt-li,B1,"Zarflar, bağlaçlar & zaman"
daily,günlük,DEY-li,A2,"Zarflar, bağlaçlar & zaman"
despite,-e rağmen,dis-PAYT,B2,"Zarflar, bağlaçlar & zaman"
during,süresince,DYU-ring,A2,"Zarflar, bağlaçlar & zaman"
early,erken,ÖR-li,A2,"Zarflar, bağlaçlar & zaman"
easily,kolayca,İİ-zı-li,A2,"Zarflar, bağlaçlar & zaman"
either,ya … ya da; ikisinden biri,AY-dır,B1,"Zarflar, bağlaçlar & zaman"
else,başka,els,A2,"Zarflar, bağlaçlar & zaman"
especially,özellikle,is-PE-şı-li,B1,"Zarflar, bağlaçlar & zaman"
eventually,sonunda,i-VEN-çu-ı-li,B2,"Zarflar, bağlaçlar & zaman"
ever,"hiç, şimdiye kadar",E-vır,A2,"Zarflar, bağlaçlar & zaman"
exactly,tam olarak,ig-ZEKT-li,A2,"Zarflar, bağlaçlar & zaman"
finally,sonunda,FAY-nı-li,A2,"Zarflar, bağlaçlar & zaman"
fortunately,neyse ki,FOR-çı-nıt-li,B2,"Zarflar, bağlaçlar & zaman"
frequently,sıkça,FRİİ-kwınt-li,B2,"Zarflar, bağlaçlar & zaman"
hardly,neredeyse hiç,HARD-li,B2,"Zarflar, bağlaçlar & zaman"
however,"ancak, yine de",hau-E-vır,B1,"Zarflar, bağlaçlar & zaman"
immediately,hemen,i-Mİİ-di-ıt-li,B1,"Zarflar, bağlaçlar & zaman"
indeed,gerçekten de,in-DİİD,B2,"Zarflar, bağlaçlar & zaman"
inside,içeride,in-SAYD,A2,"Zarflar, bağlaçlar & zaman"
instead,onun yerine,ins-TED,B1,"Zarflar, bağlaçlar & zaman"
late,geç,leyt,A2,"Zarflar, bağlaçlar & zaman"
lately,son zamanlarda,LEYT-li,B1,"Zarflar, bağlaçlar & zaman"
later,daha sonra,LEY-tır,A2,"Zarflar, bağlaçlar & zaman"
mainly,çoğunlukla,MEYN-li,B1,"Zarflar, bağlaçlar & zaman"
maybe,belki,MEY-bi,A2,"Zarflar, bağlaçlar & zaman"
meanwhile,bu arada,MİİN-wayl,B2,"Zarflar, bağlaçlar & zaman"
mostly,çoğunlukla,MOUST-li,B1,"Zarflar, bağlaçlar & zaman"
nearly,neredeyse,NİİR-li,A2,"Zarflar, bağlaçlar & zaman"
never,asla,NE-vır,A2,"Zarflar, bağlaçlar & zaman"
nowadays,günümüzde,NAU-ı-deyz,B1,"Zarflar, bağlaçlar & zaman"
often,sık sık,O-fın,A2,"Zarflar, bağlaçlar & zaman"
otherwise,aksi takdirde,A-dır-wayz,B2,"Zarflar, bağlaçlar & zaman"
outside,dışarıda,aut-SAYD,A2,"Zarflar, bağlaçlar & zaman"
perhaps,belki,pır-HEPS,B1,"Zarflar, bağlaçlar & zaman"
probably,muhtemelen,PRO-bıb-li,A2,"Zarflar, bağlaçlar & zaman"
quickly,hızlıca,KWİK-li,A2,"Zarflar, bağlaçlar & zaman"
quite,oldukça,kwayt,A2,"Zarflar, bağlaçlar & zaman"
rarely,nadiren,REER-li,B1,"Zarflar, bağlaçlar & zaman"
rather,oldukça; daha ziyade,RA-dır,B1,"Zarflar, bağlaçlar & zaman"
really,gerçekten,Rİ-ı-li,A2,"Zarflar, bağlaçlar & zaman"
recently,yakınlarda,Rİİ-sınt-li,B1,"Zarflar, bağlaçlar & zaman"
seriously,cidden,Sİ-ri-ıs-li,B1,"Zarflar, bağlaçlar & zaman"
slowly,yavaşça,SLOU-li,A2,"Zarflar, bağlaçlar & zaman"
sometimes,bazen,SAM-taymz,A2,"Zarflar, bağlaçlar & zaman"
soon,yakında,suun,A2,"Zarflar, bağlaçlar & zaman"
still,hâlâ,stil,A2,"Zarflar, bağlaçlar & zaman"
suddenly,aniden,SA-dın-li,A2,"Zarflar, bağlaçlar & zaman"
therefore,bu yüzden,DEER-for,B2,"Zarflar, bağlaçlar & zaman"
though,"gerçi, ama",dou,B1,"Zarflar, bağlaçlar & zaman"
through,"boyunca, içinden",thruu,A2,"Zarflar, bağlaçlar & zaman"
together,birlikte,tu-GE-dır,A2,"Zarflar, bağlaçlar & zaman"
towards,-e doğru,tı-WORDZ,B1,"Zarflar, bağlaçlar & zaman"
unless,-medikçe,ın-LES,B1,"Zarflar, bağlaçlar & zaman"
until,-e kadar,ın-TİL,A2,"Zarflar, bağlaçlar & zaman"
usually,genellikle,YU-ju-ı-li,A2,"Zarflar, bağlaçlar & zaman"
whenever,ne zaman olursa,wen-E-vır,B1,"Zarflar, bağlaçlar & zaman"
while,-iken,wayl,A2,"Zarflar, bağlaçlar & zaman"
yet,henüz,yet,A2,"Zarflar, bağlaçlar & zaman"
ability,yetenek,ı-Bİ-lı-ti,B1,İş hayatı & ofis
achievement,başarı,ı-ÇİİV-mınt,B1,İş hayatı & ofis
advantage,avantaj,ıd-VAN-tic,B1,İş hayatı & ofis
advertisement,reklam,ıd-VÖR-tis-mınt,B1,İş hayatı & ofis
agenda,gündem,ı-CEN-dı,B2,İş hayatı & ofis
agreement,anlaşma,ıg-Rİİ-mınt,B1,İş hayatı & ofis
aim,"amaç, hedef",eym,B1,İş hayatı & ofis
announcement,duyuru,ı-NAUNS-mınt,B1,İş hayatı & ofis
application,başvuru; uygulama,ep-li-KEY-şın,B1,İş hayatı & ofis
appointment,randevu,ı-POYNT-mınt,A2,İş hayatı & ofis
approach,yaklaşım,ı-PROUÇ,B2,İş hayatı & ofis
approval,onay,ı-PRUU-vıl,B2,İş hayatı & ofis
argument,tartışma; argüman,AR-gyu-mınt,B1,İş hayatı & ofis
assistant,asistan,ı-SİS-tınt,A2,İş hayatı & ofis
attempt,"girişim, denemek",ı-TEMPT,B2,İş hayatı & ofis
attention,dikkat,ı-TEN-şın,B1,İş hayatı & ofis
average,ortalama,EV-rıc,B1,İş hayatı & ofis
benefit,"fayda, yan hak",BE-ni-fit,B1,İş hayatı & ofis
board,yönetim kurulu; pano,bord,B2,İş hayatı & ofis
boss,patron,bos,A2,İş hayatı & ofis
branch,şube; dal,brenç,B1,İş hayatı & ofis
budget,bütçe,BA-cit,B1,İş hayatı & ofis
career,kariyer,kı-RİİR,B1,İş hayatı & ofis
challenge,"zorluk, meydan okuma",ÇE-linc,B1,İş hayatı & ofis
chance,"şans, olasılık",çans,A2,İş hayatı & ofis
claim,"iddia etmek, talep etmek",kleym,B2,İş hayatı & ofis
client,müşteri (hizmet),KLA-yınt,B1,İş hayatı & ofis
colleague,iş arkadaşı,KO-liig,B1,İş hayatı & ofis
company,şirket,KAM-pı-ni,A2,İş hayatı & ofis
competition,"rekabet, yarışma",kom-pı-Tİ-şın,B1,İş hayatı & ofis
complaint,şikâyet,kım-PLEYNT,B1,İş hayatı & ofis
conclusion,sonuç,kın-KLUU-jın,B2,İş hayatı & ofis
conference,konferans,KON-fı-rıns,B1,İş hayatı & ofis
contract,sözleşme,KONT-rekt,B1,İş hayatı & ofis
customer,müşteri,KAS-tı-mır,A2,İş hayatı & ofis
deadline,teslim tarihi,DED-layn,B1,İş hayatı & ofis
deal,anlaşma,diil,B1,İş hayatı & ofis
decision,karar,di-Sİ-jın,A2,İş hayatı & ofis
delay,gecikme,di-LEY,B1,İş hayatı & ofis
demand,talep,di-MAND,B2,İş hayatı & ofis
department,"departman, bölüm",di-PART-mınt,A2,İş hayatı & ofis
detail,ayrıntı,Dİİ-teyl,A2,İş hayatı & ofis
difference,fark,Dİ-fı-rıns,A2,İş hayatı & ofis
discount,indirim,DİS-kaunt,B1,İş hayatı & ofis
document,belge,DO-kyu-mınt,A2,İş hayatı & ofis
effort,çaba,E-fırt,B1,İş hayatı & ofis
employee,çalışan,imp-lo-Yİİ,B1,İş hayatı & ofis
employer,işveren,imp-LO-yır,B1,İş hayatı & ofis
environment,"ortam, çevre",in-VA-yı-rın-mınt,B1,İş hayatı & ofis
equipment,ekipman,i-KWİP-mınt,B1,İş hayatı & ofis
experience,deneyim,iks-Pİ-ri-ıns,A2,İş hayatı & ofis
expert,uzman,EKS-pört,B1,İş hayatı & ofis
failure,başarısızlık,FEYL-yır,B2,İş hayatı & ofis
feedback,geri bildirim,FİİD-bek,B1,İş hayatı & ofis
focus,"odaklanmak, odak",FOU-kıs,B1,İş hayatı & ofis
goal,hedef,goul,A2,İş hayatı & ofis
growth,büyüme,grouth,B2,İş hayatı & ofis
idea,fikir,ay-Dİ-ı,A2,İş hayatı & ofis
impact,etki,İM-pekt,B2,İş hayatı & ofis
improvement,"iyileşme, gelişme",im-PRUUV-mınt,B1,İş hayatı & ofis
industry,"sektör, sanayi",İN-dıs-tri,B1,İş hayatı & ofis
influence,etki,İN-flu-ıns,B2,İş hayatı & ofis
information,bilgi,in-fır-MEY-şın,A2,İş hayatı & ofis
interview,mülakat,İN-tır-vyu,A2,İş hayatı & ofis
issue,"sorun, mesele",İ-şuu,B1,İş hayatı & ofis
knowledge,bilgi (birikimi),NO-lic,B1,İş hayatı & ofis
leadership,liderlik,LİİN-dır-şip,B2,İş hayatı & ofis
level,seviye,LE-vıl,A2,İş hayatı & ofis
management,yönetim,ME-nic-mınt,B1,İş hayatı & ofis
manager,yönetici,ME-ni-cır,A2,İş hayatı & ofis
market,"pazar, piyasa",MAR-kit,B1,İş hayatı & ofis
meeting,toplantı,Mİİ-ting,A2,İş hayatı & ofis
method,yöntem,ME-thıd,B1,İş hayatı & ofis
mistake,hata,mis-TEYK,A2,İş hayatı & ofis
note,not,nout,A2,İş hayatı & ofis
opportunity,fırsat,o-pır-TYU-nı-ti,B1,İş hayatı & ofis
option,seçenek,OP-şın,B1,İş hayatı & ofis
partner,ortak,PART-nır,B1,İş hayatı & ofis
performance,performans,pır-FOR-mıns,B1,İş hayatı & ofis
permission,izin,pır-Mİ-şın,B1,İş hayatı & ofis
position,pozisyon,pı-Zİ-şın,B1,İş hayatı & ofis
presentation,sunum,pre-zın-TEY-şın,B1,İş hayatı & ofis
pressure,baskı,PRE-şır,B1,İş hayatı & ofis
priority,öncelik,pray-O-rı-ti,B2,İş hayatı & ofis
process,süreç,PROU-ses,B1,İş hayatı & ofis
product,ürün,PRO-dakt,A2,İş hayatı & ofis
progress,ilerleme,PROU-gres,B1,İş hayatı & ofis
project,proje,PRO-cekt,A2,İş hayatı & ofis
promotion,terfi; tanıtım,prı-MOU-şın,B1,İş hayatı & ofis
purpose,amaç,PÖR-pıs,B1,İş hayatı & ofis
quality,kalite,KWO-lı-ti,B1,İş hayatı & ofis
quantity,miktar,KWON-tı-ti,B1,İş hayatı & ofis
reason,sebep,Rİİ-zın,A2,İş hayatı & ofis
record,"kayıt, kaydetmek",RE-kord,B1,İş hayatı & ofis
research,araştırma,ri-SÖRÇ,B1,İş hayatı & ofis
responsibility,sorumluluk,ris-pon-sı-Bİ-lı-ti,B1,İş hayatı & ofis
result,sonuç,ri-ZALT,A2,İş hayatı & ofis
risk,risk,risk,B1,İş hayatı & ofis
schedule,"program, takvim",SKE-cul,B1,İş hayatı & ofis
service,hizmet,SÖR-vis,A2,İş hayatı & ofis
skill,beceri,skil,B1,İş hayatı & ofis
solution,çözüm,sı-LUU-şın,B1,İş hayatı & ofis
staff,personel,staf,B1,İş hayatı & ofis
strategy,strateji,STRE-tı-ci,B2,İş hayatı & ofis
success,başarı,sık-SES,A2,İş hayatı & ofis
suggestion,öneri,sıc-CES-çın,B1,İş hayatı & ofis
target,hedef,TAR-git,B1,İş hayatı & ofis
task,görev,task,B1,İş hayatı & ofis
team,takım,tiim,A2,İş hayatı & ofis
training,eğitim,TREY-ning,B1,İş hayatı & ofis
trend,"eğilim, trend",trend,B2,İş hayatı & ofis
value,değer,VEL-yu,B1,İş hayatı & ofis
access,erişim,EK-ses,B1,Teknoloji & internet
account,hesap,ı-KAUNT,A2,Teknoloji & internet
attachment,ek (dosya),ı-TEÇ-mınt,B1,Teknoloji & internet
backup,yedek,BEK-ap,B1,Teknoloji & internet
battery,"pil, batarya",BE-tı-ri,A2,Teknoloji & internet
browser,tarayıcı,BRAU-zır,B1,Teknoloji & internet
bug,hata (yazılım),bag,B1,Teknoloji & internet
button,düğme,BA-tın,A2,Teknoloji & internet
cable,kablo,KEY-bıl,A2,Teknoloji & internet
charge,şarj etmek,çarc,A2,Teknoloji & internet
click,tıklamak,klik,A2,Teknoloji & internet
cloud,bulut,klaud,B1,Teknoloji & internet
code,kod,koud,A2,Teknoloji & internet
command,komut,kı-MAND,B1,Teknoloji & internet
compatible,uyumlu,kım-PE-tı-bıl,B2,Teknoloji & internet
computer,bilgisayar,kım-PYU-tır,A2,Teknoloji & internet
content,içerik,KON-tent,B1,Teknoloji & internet
crash,çökmek (sistem),kreş,B1,Teknoloji & internet
data,veri,DEY-tı,A2,Teknoloji & internet
database,veri tabanı,DEY-tı-beys,B1,Teknoloji & internet
default,varsayılan,di-FOLT,B2,Teknoloji & internet
delete,silmek,di-LİİT,A2,Teknoloji & internet
device,cihaz,di-VAYS,B1,Teknoloji & internet
digital,dijital,Dİ-ci-tıl,A2,Teknoloji & internet
display,"ekran, göstermek",dis-PLEY,B1,Teknoloji & internet
download,indirmek,DAUN-loud,A2,Teknoloji & internet
draft,taslak,draft,B1,Teknoloji & internet
engine,motor,EN-cin,B1,Teknoloji & internet
error,hata,E-rır,A2,Teknoloji & internet
feature,özellik,Fİİ-çır,B1,Teknoloji & internet
file,dosya,fayl,A2,Teknoloji & internet
folder,klasör,FOUL-dır,A2,Teknoloji & internet
hardware,donanım,HARD-weer,B1,Teknoloji & internet
header,başlık (üst bilgi),HE-dır,B1,Teknoloji & internet
install,kurmak,ins-TOL,B1,Teknoloji & internet
interface,arayüz,İN-tır-feys,B2,Teknoloji & internet
internet,internet,İN-tır-net,A2,Teknoloji & internet
keyboard,klavye,KİİY-bord,A2,Teknoloji & internet
launch,"piyasaya sürmek, başlatmak",lonç,B2,Teknoloji & internet
layout,"düzen, yerleşim",LEY-aut,B1,Teknoloji & internet
link,bağlantı,link,A2,Teknoloji & internet
load,yüklemek,loud,B1,Teknoloji & internet
login,giriş,LOG-in,A2,Teknoloji & internet
memory,"hafıza, bellek",ME-mı-ri,A2,Teknoloji & internet
message,mesaj,ME-sic,A2,Teknoloji & internet
mobile,"mobil, cep",MOU-bayl,A2,Teknoloji & internet
network,ağ,NET-wörk,B1,Teknoloji & internet
notification,bildirim,nou-ti-fi-KEY-şın,B1,Teknoloji & internet
online,çevrim içi,ON-layn,A2,Teknoloji & internet
password,şifre,PAS-wörd,A2,Teknoloji & internet
platform,platform,PLET-form,B1,Teknoloji & internet
print,yazdırmak,print,A2,Teknoloji & internet
privacy,gizlilik,PRAY-vı-si,B2,Teknoloji & internet
profile,profil,PROU-fayl,A2,Teknoloji & internet
program,program,PROU-grem,A2,Teknoloji & internet
query,sorgu,KWİ-ri,B2,Teknoloji & internet
queue,"kuyruk, sıra",kyuu,B2,Teknoloji & internet
remote,uzaktan,ri-MOUT,B1,Teknoloji & internet
reset,sıfırlamak,ri-SET,B1,Teknoloji & internet
response,yanıt,ris-PONS,B1,Teknoloji & internet
screen,ekran,skriin,A2,Teknoloji & internet
scroll,kaydırmak,skroul,A2,Teknoloji & internet
search engine,arama motoru,SÖRÇ en-cin,A2,Teknoloji & internet
security,güvenlik,si-KYU-rı-ti,B1,Teknoloji & internet
server,sunucu,SÖR-vır,B1,Teknoloji & internet
setting,ayar,SE-ting,A2,Teknoloji & internet
software,yazılım,SOFT-weer,A2,Teknoloji & internet
speed,hız,spiid,A2,Teknoloji & internet
storage,depolama,STO-ric,B1,Teknoloji & internet
stream,"yayın, akış",striim,B1,Teknoloji & internet
subscribe,abone olmak,sıbs-KRAYB,B1,Teknoloji & internet
switch,"değiştirmek, geçmek",swiç,B1,Teknoloji & internet
system,sistem,SİS-tım,A2,Teknoloji & internet
tool,araç,tuul,A2,Teknoloji & internet
track,"takip etmek, izlemek",trek,B1,Teknoloji & internet
update,güncelleme,AP-deyt,A2,Teknoloji & internet
upgrade,yükseltmek,AP-greyd,B1,Teknoloji & internet
upload,yüklemek,AP-loud,A2,Teknoloji & internet
user,kullanıcı,YU-zır,A2,Teknoloji & internet
version,sürüm,VÖR-jın,A2,Teknoloji & internet
virus,virüs,VAY-rıs,A2,Teknoloji & internet
website,web sitesi,WEB-sayt,A2,Teknoloji & internet
wireless,kablosuz,WA-yır-lıs,B1,Teknoloji & internet
amount,miktar,ı-MAUNT,B1,Para & alışveriş
bank account,banka hesabı,BENK ı-kaunt,A2,Para & alışveriş
bargain,kelepir; pazarlık etmek,BAR-gin,B2,Para & alışveriş
bill,"fatura, hesap",bil,A2,Para & alışveriş
brand,marka,brend,B1,Para & alışveriş
cash,nakit,keş,A2,Para & alışveriş
cheque,çek,çek,B1,Para & alışveriş
coin,madenî para,koyn,A2,Para & alışveriş
credit,kredi,KRE-dit,B1,Para & alışveriş
currency,para birimi,KA-rın-si,B2,Para & alışveriş
customer service,müşteri hizmetleri,KAS-tı-mır sör-vis,A2,Para & alışveriş
debt,borç,det,B2,Para & alışveriş
delivery,teslimat,di-Lİ-vı-ri,A2,Para & alışveriş
deposit,"depozito, yatırmak",di-PO-zit,B2,Para & alışveriş
exchange,"değişim, döviz",iks-ÇEYNC,B1,Para & alışveriş
expense,masraf,iks-PENS,B2,Para & alışveriş
fee,ücret,fii,B1,Para & alışveriş
fund,fon,fand,B2,Para & alışveriş
guarantee,garanti,ge-rın-Tİİ,B1,Para & alışveriş
income,gelir,İN-kam,B1,Para & alışveriş
installment,taksit,ins-TOL-mınt,B2,Para & alışveriş
insurance,sigorta,in-ŞU-rıns,B1,Para & alışveriş
interest,faiz; ilgi,İNT-rıst,B1,Para & alışveriş
invest,yatırım yapmak,in-VEST,B2,Para & alışveriş
invoice,fatura,İN-voys,B2,Para & alışveriş
loan,"kredi, borç",loun,B1,Para & alışveriş
loss,"zarar, kayıp",los,B1,Para & alışveriş
owe,borçlu olmak,ou,B2,Para & alışveriş
payment,ödeme,PEY-mınt,A2,Para & alışveriş
price,fiyat,prays,A2,Para & alışveriş
profit,kâr,PRO-fit,B1,Para & alışveriş
purchase,satın alma,PÖR-çıs,B2,Para & alışveriş
rate,oran,reyt,B1,Para & alışveriş
receipt,"fiş, makbuz",ri-SİİT,B1,Para & alışveriş
receipt number,fiş numarası,ri-SİİT nam-bır,A2,Para & alışveriş
refund,"geri ödeme, iade",Rİİ-fand,B1,Para & alışveriş
rent,kira,rent,A2,Para & alışveriş
salary,maaş,SE-lı-ri,B1,Para & alışveriş
sale,"satış, indirim",seyl,A2,Para & alışveriş
saving,tasarruf,SEY-ving,B1,Para & alışveriş
shop,dükkân,şop,A2,Para & alışveriş
shopping cart,alışveriş sepeti,ŞO-ping kart,A2,Para & alışveriş
tax,vergi,teks,B1,Para & alışveriş
transfer,"transfer, havale",TRANS-fır,B1,Para & alışveriş
wage,ücret (saatlik/haftalık),weyc,B2,Para & alışveriş
wallet,cüzdan,WO-lit,A2,Para & alışveriş
wealth,servet,welth,B2,Para & alışveriş
adult,yetişkin,E-dalt,A2,İnsanlar & duygular
advice,tavsiye,ıd-VAYS,A2,İnsanlar & duygular
age,yaş,eyc,A2,İnsanlar & duygular
ambition,"hırs, tutku",em-Bİ-şın,B2,İnsanlar & duygular
anger,öfke,ENG-gır,B2,İnsanlar & duygular
attitude,tutum,E-ti-tyud,B1,İnsanlar & duygular
aunt,"teyze, hala",ant,A2,İnsanlar & duygular
baby,bebek,BEY-bi,A2,İnsanlar & duygular
behaviour,davranış,bi-HEY-vyır,B1,İnsanlar & duygular
belief,inanç,bi-LİİF,B2,İnsanlar & duygular
boyfriend,erkek arkadaş,BOY-frend,A2,İnsanlar & duygular
character,karakter,KE-rık-tır,B1,İnsanlar & duygular
childhood,çocukluk,ÇAYLD-hud,B1,İnsanlar & duygular
confidence,özgüven,KON-fi-dıns,B2,İnsanlar & duygular
couple,çift,KA-pıl,A2,İnsanlar & duygular
cousin,kuzen,KA-zın,A2,İnsanlar & duygular
crowd,kalabalık,kraud,B1,İnsanlar & duygular
culture,kültür,KAL-çır,B1,İnsanlar & duygular
curiosity,merak,kyu-ri-O-sı-ti,B2,İnsanlar & duygular
daughter,kız evlat,DO-tır,A2,İnsanlar & duygular
disappointment,hayal kırıklığı,di-sı-POYNT-mınt,B2,İnsanlar & duygular
divorce,boşanma,di-VORS,B1,İnsanlar & duygular
embarrassed,"utanmış, mahcup",im-BE-rıst,B1,İnsanlar & duygular
emotion,duygu,i-MOU-şın,B2,İnsanlar & duygular
enemy,düşman,E-nı-mi,B1,İnsanlar & duygular
engagement,nişan; katılım,in-GEYC-mınt,B2,İnsanlar & duygular
excitement,heyecan,ik-SAYT-mınt,B1,İnsanlar & duygular
fear,korku,fiir,B1,İnsanlar & duygular
feeling,"his, duygu",Fİİ-ling,A2,İnsanlar & duygular
female,"kadın, dişi",Fİİ-meyl,B1,İnsanlar & duygular
friendship,arkadaşlık,FREND-şip,A2,İnsanlar & duygular
generation,kuşak,ce-nı-REY-şın,B1,İnsanlar & duygular
girlfriend,kız arkadaş,GÖRL-frend,A2,İnsanlar & duygular
grandfather,dede,GREND-fa-dır,A2,İnsanlar & duygular
grandmother,büyükanne,GREND-ma-dır,A2,İnsanlar & duygular
guest,misafir,gest,A2,İnsanlar & duygular
habit,alışkanlık,HE-bit,B1,İnsanlar & duygular
happiness,mutluluk,HE-pi-nıs,B1,İnsanlar & duygular
heart,kalp,hart,A2,İnsanlar & duygular
honesty,dürüstlük,O-nıs-ti,B2,İnsanlar & duygular
humour,mizah,HYU-mır,B1,İnsanlar & duygular
husband,"koca, eş",HAZ-bınd,A2,İnsanlar & duygular
identity,kimlik,ay-DEN-tı-ti,B2,İnsanlar & duygular
individual,birey,in-di-Vİ-cu-ıl,B2,İnsanlar & duygular
jealous,kıskanç,CE-lıs,B1,İnsanlar & duygular
joy,"neşe, sevinç",coy,B1,İnsanlar & duygular
kid,çocuk,kid,A2,İnsanlar & duygular
loneliness,yalnızlık,LOUN-li-nıs,B2,İnsanlar & duygular
love,"sevgi, aşk",lav,A2,İnsanlar & duygular
male,erkek,meyl,B1,İnsanlar & duygular
marriage,evlilik,ME-ric,B1,İnsanlar & duygular
mind,zihin,maynd,A2,İnsanlar & duygular
mood,ruh hâli,muud,B1,İnsanlar & duygular
neighbour,komşu,NEY-bır,A2,İnsanlar & duygular
nephew,erkek yeğen,NE-fyu,B1,İnsanlar & duygular
niece,kız yeğen,niis,B1,İnsanlar & duygular
opinion,"görüş, fikir",ı-PİN-yın,A2,İnsanlar & duygular
pain,acı,peyn,A2,İnsanlar & duygular
parent,ebeveyn,PEE-rınt,A2,İnsanlar & duygular
passion,tutku,PE-şın,B2,İnsanlar & duygular
patience,sabır,PEY-şıns,B2,İnsanlar & duygular
personality,kişilik,pör-sı-NE-lı-ti,B1,İnsanlar & duygular
pride,gurur,prayd,B2,İnsanlar & duygular
relationship,ilişki,ri-LEY-şın-şip,B1,İnsanlar & duygular
relative,akraba,RE-lı-tiv,B1,İnsanlar & duygular
respect,saygı,ris-PEKT,B1,İnsanlar & duygular
retirement,emeklilik,ri-TA-yır-mınt,B2,İnsanlar & duygular
sadness,üzüntü,SED-nıs,B1,İnsanlar & duygular
shame,utanç,şeym,B2,İnsanlar & duygular
shy,utangaç,şay,A2,İnsanlar & duygular
sister,kız kardeş,SİS-tır,A2,İnsanlar & duygular
smile,gülümseme,smayl,A2,İnsanlar & duygular
society,toplum,sı-SA-yı-ti,B1,İnsanlar & duygular
son,oğul,san,A2,İnsanlar & duygular
stranger,yabancı (kişi),STREYN-cır,B1,İnsanlar & duygular
stress,stres,stres,B1,İnsanlar & duygular
sympathy,"anlayış, sempati",SİM-pı-thi,B2,İnsanlar & duygular
teenager,"ergen, genç",TİİN-ey-cır,A2,İnsanlar & duygular
thought,düşünce,thot,A2,İnsanlar & duygular
trust,güven,trast,B1,İnsanlar & duygular
truth,"gerçek, doğruluk",truuth,B1,İnsanlar & duygular
uncle,"amca, dayı",ANG-kıl,A2,İnsanlar & duygular
voice,ses (insan),voys,A2,İnsanlar & duygular
wife,"eş, karı",wayf,A2,İnsanlar & duygular
wisdom,bilgelik,WİZ-dım,B2,İnsanlar & duygular
youth,gençlik,yuuth,B2,İnsanlar & duygular
apartment,daire,ı-PART-mınt,A2,"Ev, şehir & günlük hayat"
appliance,ev aleti,ı-PLA-yıns,B2,"Ev, şehir & günlük hayat"
area,"bölge, alan",EE-ri-ı,A2,"Ev, şehir & günlük hayat"
bathroom,banyo,BATH-ruum,A2,"Ev, şehir & günlük hayat"
bedroom,yatak odası,BED-ruum,A2,"Ev, şehir & günlük hayat"
bell,zil,bel,A2,"Ev, şehir & günlük hayat"
blanket,battaniye,BLENG-kit,A2,"Ev, şehir & günlük hayat"
block,"blok, apartman",blok,A2,"Ev, şehir & günlük hayat"
bridge,köprü,bric,A2,"Ev, şehir & günlük hayat"
building,bina,BİL-ding,A2,"Ev, şehir & günlük hayat"
candle,mum,KEN-dıl,A2,"Ev, şehir & günlük hayat"
ceiling,tavan,Sİİ-ling,B1,"Ev, şehir & günlük hayat"
chair,sandalye,çeer,A2,"Ev, şehir & günlük hayat"
chore,ev işi,çor,B2,"Ev, şehir & günlük hayat"
church,kilise,çörç,A2,"Ev, şehir & günlük hayat"
city centre,şehir merkezi,Sİ-ti sen-tır,A2,"Ev, şehir & günlük hayat"
cleaning,temizlik,KLİİ-ning,A2,"Ev, şehir & günlük hayat"
clothes,kıyafet,klouz,A2,"Ev, şehir & günlük hayat"
corner,köşe,KOR-nır,A2,"Ev, şehir & günlük hayat"
countryside,"kırsal, taşra",KANT-ri-sayd,B1,"Ev, şehir & günlük hayat"
cupboard,dolap,KA-bırd,A2,"Ev, şehir & günlük hayat"
curtain,perde,KÖR-tın,B1,"Ev, şehir & günlük hayat"
cushion,minder,KU-şın,B1,"Ev, şehir & günlük hayat"
desk,çalışma masası,desk,A2,"Ev, şehir & günlük hayat"
dish,tabak; yemek,diş,A2,"Ev, şehir & günlük hayat"
door,kapı,dor,A2,"Ev, şehir & günlük hayat"
drawer,çekmece,dror,B1,"Ev, şehir & günlük hayat"
electricity,elektrik,i-lek-TRİ-sı-ti,B1,"Ev, şehir & günlük hayat"
entrance,giriş,ENT-rıns,B1,"Ev, şehir & günlük hayat"
fence,çit,fens,B1,"Ev, şehir & günlük hayat"
floor,zemin; kat,flor,A2,"Ev, şehir & günlük hayat"
furniture,mobilya,FÖR-ni-çır,A2,"Ev, şehir & günlük hayat"
garage,garaj,GE-rac,A2,"Ev, şehir & günlük hayat"
garbage,çöp,GAR-bic,A2,"Ev, şehir & günlük hayat"
garden,bahçe,GAR-dın,A2,"Ev, şehir & günlük hayat"
gate,kapı (bahçe/kapı ağzı),geyt,A2,"Ev, şehir & günlük hayat"
glass,bardak; cam,glas,A2,"Ev, şehir & günlük hayat"
ground,"yer, zemin",graund,A2,"Ev, şehir & günlük hayat"
hall,"koridor, salon",hol,A2,"Ev, şehir & günlük hayat"
heating,ısıtma,Hİİ-ting,B1,"Ev, şehir & günlük hayat"
key,anahtar,kii,A2,"Ev, şehir & günlük hayat"
kitchen,mutfak,Kİ-çın,A2,"Ev, şehir & günlük hayat"
lamp,lamba,lemp,A2,"Ev, şehir & günlük hayat"
landlord,ev sahibi,LEND-lord,B1,"Ev, şehir & günlük hayat"
laundry,çamaşır,LON-dri,B1,"Ev, şehir & günlük hayat"
library,kütüphane,LAYB-rı-ri,A2,"Ev, şehir & günlük hayat"
lock,kilit,lok,A2,"Ev, şehir & günlük hayat"
mall,alışveriş merkezi,mol,A2,"Ev, şehir & günlük hayat"
mirror,ayna,Mİ-rır,A2,"Ev, şehir & günlük hayat"
neighbourhood,mahalle,NEY-bır-hud,B1,"Ev, şehir & günlük hayat"
noise,gürültü,noyz,A2,"Ev, şehir & günlük hayat"
office,ofis,O-fis,A2,"Ev, şehir & günlük hayat"
oven,fırın,A-vın,A2,"Ev, şehir & günlük hayat"
park,park,park,A2,"Ev, şehir & günlük hayat"
pillow,yastık,Pİ-lou,A2,"Ev, şehir & günlük hayat"
pipe,boru,payp,B1,"Ev, şehir & günlük hayat"
plug,"fiş, priz",plag,B1,"Ev, şehir & günlük hayat"
pool,havuz,puul,A2,"Ev, şehir & günlük hayat"
post office,postane,POUST o-fis,A2,"Ev, şehir & günlük hayat"
property,mülk,PRO-pır-ti,B2,"Ev, şehir & günlük hayat"
roof,çatı,ruuf,A2,"Ev, şehir & günlük hayat"
room,oda,ruum,A2,"Ev, şehir & günlük hayat"
rubbish,çöp,RA-biş,B1,"Ev, şehir & günlük hayat"
rubbish bin,çöp kutusu,RA-biş bin,A2,"Ev, şehir & günlük hayat"
rug,"kilim, halı",rag,B1,"Ev, şehir & günlük hayat"
shelf,raf,şelf,A2,"Ev, şehir & günlük hayat"
shower,duş,ŞAU-ır,A2,"Ev, şehir & günlük hayat"
sink,lavabo,sink,A2,"Ev, şehir & günlük hayat"
sofa,"koltuk, kanepe",SOU-fı,A2,"Ev, şehir & günlük hayat"
square,meydan,skweer,A2,"Ev, şehir & günlük hayat"
stairs,merdiven,steerz,A2,"Ev, şehir & günlük hayat"
street,sokak,striit,A2,"Ev, şehir & günlük hayat"
tap,musluk,tep,A2,"Ev, şehir & günlük hayat"
tenant,kiracı,TE-nınt,B2,"Ev, şehir & günlük hayat"
tent,çadır,tent,A2,"Ev, şehir & günlük hayat"
towel,havlu,TAU-ıl,A2,"Ev, şehir & günlük hayat"
town,kasaba,taun,A2,"Ev, şehir & günlük hayat"
traffic,trafik,TRE-fik,A2,"Ev, şehir & günlük hayat"
tree,ağaç,trii,A2,"Ev, şehir & günlük hayat"
view,manzara,vyuu,A2,"Ev, şehir & günlük hayat"
village,köy,Vİ-lic,A2,"Ev, şehir & günlük hayat"
wall,duvar,wol,A2,"Ev, şehir & günlük hayat"
washing machine,çamaşır makinesi,WO-şing mı-şiin,A2,"Ev, şehir & günlük hayat"
weather,hava durumu,WE-dır,A2,"Ev, şehir & günlük hayat"
window,pencere,WİN-dou,A2,"Ev, şehir & günlük hayat"
yard,"avlu, bahçe",yard,B1,"Ev, şehir & günlük hayat"
ache,ağrı,eyk,B1,Yemek & sağlık
ambulance,ambulans,EM-byu-lıns,A2,Yemek & sağlık
appetite,iştah,E-pı-tayt,B2,Yemek & sağlık
bake,fırında pişirmek,beyk,A2,Yemek & sağlık
bandage,"bandaj, sargı",BEN-dic,B1,Yemek & sağlık
beans,fasulye,biinz,A2,Yemek & sağlık
beef,dana eti,biif,A2,Yemek & sağlık
bitter,acı (tat),Bİ-tır,B1,Yemek & sağlık
blood,kan,blad,A2,Yemek & sağlık
boil,kaynatmak,boyl,A2,Yemek & sağlık
bone,kemik,boun,A2,Yemek & sağlık
bread,ekmek,bred,A2,Yemek & sağlık
breakfast,kahvaltı,BREK-fıst,A2,Yemek & sağlık
breathe,nefes almak,briid,B1,Yemek & sağlık
butter,tereyağı,BA-tır,A2,Yemek & sağlık
cabbage,lahana,KE-bic,B1,Yemek & sağlık
calorie,kalori,KE-lı-ri,B1,Yemek & sağlık
cheese,peynir,çiiz,A2,Yemek & sağlık
chicken,tavuk,Çİ-kin,A2,Yemek & sağlık
cough,öksürmek,kof,A2,Yemek & sağlık
cucumber,salatalık,KYU-kam-bır,A2,Yemek & sağlık
cure,tedavi etmek,kyur,B2,Yemek & sağlık
dentist,diş hekimi,DEN-tist,A2,Yemek & sağlık
dessert,tatlı,di-ZÖRT,A2,Yemek & sağlık
diet,"diyet, beslenme",DA-yıt,B1,Yemek & sağlık
dinner,akşam yemeği,Dİ-nır,A2,Yemek & sağlık
disease,hastalık,di-ZİİZ,B1,Yemek & sağlık
doctor,doktor,DOK-tır,A2,Yemek & sağlık
dough,hamur,dou,B1,Yemek & sağlık
exercise,egzersiz,EK-sır-sayz,A2,Yemek & sağlık
fever,ateş (hastalık),Fİİ-vır,A2,Yemek & sağlık
flour,un,FLAU-ır,B1,Yemek & sağlık
fork,çatal,fork,A2,Yemek & sağlık
fry,kızartmak,fray,A2,Yemek & sağlık
grape,üzüm,greyp,A2,Yemek & sağlık
grill,ızgara yapmak,gril,B1,Yemek & sağlık
headache,baş ağrısı,HED-eyk,A2,Yemek & sağlık
illness,hastalık,İL-nıs,B1,Yemek & sağlık
ingredient,malzeme,in-GRİİ-di-ınt,B1,Yemek & sağlık
injury,yaralanma,İN-cı-ri,B1,Yemek & sağlık
knife,bıçak,nayf,A2,Yemek & sağlık
lunch,öğle yemeği,lanç,A2,Yemek & sağlık
meal,öğün,miil,A2,Yemek & sağlık
meat,et,miit,A2,Yemek & sağlık
medicine,ilaç,MED-sin,A2,Yemek & sağlık
melon,kavun,ME-lın,A2,Yemek & sağlık
mushroom,mantar,MAŞ-ruum,A2,Yemek & sağlık
nurse,hemşire,nörs,A2,Yemek & sağlık
nut,"kuruyemiş, fındık",nat,A2,Yemek & sağlık
oil,yağ,oyl,A2,Yemek & sağlık
onion,soğan,AN-yın,A2,Yemek & sağlık
operation,ameliyat,o-pı-REY-şın,B1,Yemek & sağlık
pepper,biber,PE-pır,A2,Yemek & sağlık
pharmacy,eczane,FAR-mı-si,A2,Yemek & sağlık
plate,tabak,pleyt,A2,Yemek & sağlık
prescription,reçete,pris-KRİP-şın,B2,Yemek & sağlık
recipe,tarif,RE-sı-pi,B1,Yemek & sağlık
recover,iyileşmek,ri-KA-vır,B2,Yemek & sağlık
salt,tuz,solt,A2,Yemek & sağlık
sauce,sos,sos,A2,Yemek & sağlık
sleep,uyku,sliip,A2,Yemek & sağlık
slice,dilim,slays,B1,Yemek & sağlık
snack,atıştırmalık,snek,A2,Yemek & sağlık
soup,çorba,suup,A2,Yemek & sağlık
sour,ekşi,SAU-ır,B1,Yemek & sağlık
spicy,"baharatlı, acı",SPAY-si,A2,Yemek & sağlık
spoon,kaşık,spuun,A2,Yemek & sağlık
strawberry,çilek,STRO-bı-ri,A2,Yemek & sağlık
sugar,şeker,ŞU-gır,A2,Yemek & sağlık
surgery,"ameliyat, cerrahi",SÖR-cı-ri,B2,Yemek & sağlık
symptom,belirti,SİMP-tım,B2,Yemek & sağlık
taste,"tat, tatmak",teyst,A2,Yemek & sağlık
treatment,tedavi,TRİİT-mınt,B1,Yemek & sağlık
vegetable,sebze,VEC-tı-bıl,A2,Yemek & sağlık
wheat,buğday,wiit,B1,Yemek & sağlık
wound,yara,wuund,B2,Yemek & sağlık
accept a delay,gecikmeyi kabul etmek,ık-SEPT ı di-ley,B1,Seyahat & ulaşım
accommodation,konaklama,ı-ko-mı-DEY-şın,B2,Seyahat & ulaşım
airport,havalimanı,EER-port,A2,Seyahat & ulaşım
arrival,varış,ı-RAY-vıl,B1,Seyahat & ulaşım
baggage,bagaj,BE-gic,B1,Seyahat & ulaşım
boarding pass,biniş kartı,BOR-ding pas,A2,Seyahat & ulaşım
book,rezervasyon yapmak,buk,A2,Seyahat & ulaşım
border,sınır,BOR-dır,B1,Seyahat & ulaşım
cabin,kabin,KE-bin,B1,Seyahat & ulaşım
check-in,giriş işlemi,ÇEK-in,A2,Seyahat & ulaşım
coast,"sahil, kıyı",koust,B1,Seyahat & ulaşım
crew,"mürettebat, ekip",kruu,B2,Seyahat & ulaşım
cruise,gemi turu,kruuz,B2,Seyahat & ulaşım
customs,gümrük,KAS-tımz,B1,Seyahat & ulaşım
departure,kalkış,di-PAR-çır,B1,Seyahat & ulaşım
destination,varış noktası,des-ti-NEY-şın,B1,Seyahat & ulaşım
direction,yön,di-REK-şın,A2,Seyahat & ulaşım
distance,mesafe,DİS-tıns,A2,Seyahat & ulaşım
driver,sürücü,DRAY-vır,A2,Seyahat & ulaşım
ferry,feribot,FE-ri,A2,Seyahat & ulaşım
flight,uçuş,flayt,A2,Seyahat & ulaşım
fuel,yakıt,FYU-ıl,B1,Seyahat & ulaşım
guide,rehber,gayd,A2,Seyahat & ulaşım
harbour,liman,HAR-bır,B2,Seyahat & ulaşım
highway,otoyol,HAY-wey,B1,Seyahat & ulaşım
hotel,otel,hou-TEL,A2,Seyahat & ulaşım
journey,yolculuk,CÖR-ni,B1,Seyahat & ulaşım
landing,iniş,LEN-ding,B1,Seyahat & ulaşım
luggage,"bavul, valiz",LA-gic,A2,Seyahat & ulaşım
map,harita,mep,A2,Seyahat & ulaşım
one-way ticket,tek yön bilet,WAN-wey ti-kit,A2,Seyahat & ulaşım
passenger,yolcu,PE-sın-cır,A2,Seyahat & ulaşım
passport,pasaport,PAS-port,A2,Seyahat & ulaşım
reservation,rezervasyon,re-zır-VEY-şın,B1,Seyahat & ulaşım
return ticket,gidiş-dönüş bilet,ri-TÖRN ti-kit,A2,Seyahat & ulaşım
ride,"binmek, yolculuk",rayd,A2,Seyahat & ulaşım
route,güzergâh,ruut,B1,Seyahat & ulaşım
rush hour,yoğun saat,RAŞ au-ır,B1,Seyahat & ulaşım
seat,koltuk,siit,A2,Seyahat & ulaşım
ship,gemi,şip,A2,Seyahat & ulaşım
sightseeing,gezip görme,SAYT-sii-ing,B1,Seyahat & ulaşım
station,istasyon,STEY-şın,A2,Seyahat & ulaşım
suitcase,bavul,SUUT-keys,A2,Seyahat & ulaşım
ticket,bilet,Tİ-kit,A2,Seyahat & ulaşım
timetable,"tarife, çizelge",TAYM-tey-bıl,A2,Seyahat & ulaşım
tour,tur,tuur,A2,Seyahat & ulaşım
tourist,turist,TUU-rist,A2,Seyahat & ulaşım
traffic jam,trafik sıkışıklığı,TRE-fik cem,A2,Seyahat & ulaşım
transport,ulaşım,TRANS-port,B1,Seyahat & ulaşım
travel insurance,seyahat sigortası,TRE-vıl in-şu-rıns,B1,Seyahat & ulaşım
trip,gezi,trip,A2,Seyahat & ulaşım
visa,vize,Vİİ-zı,B1,Seyahat & ulaşım
voyage,deniz yolculuğu,VO-yic,B2,Seyahat & ulaşım
wheel,tekerlek,wiil,A2,Seyahat & ulaşım
